,Unnamed: 0,Desc,Laptop,Lenguaje,PuntajeL,Categoria,PuntajeC
0,0,"La Laptop Lenovo V15 G3 15.6 es una opción ideal para aquellos que buscan potencia y rendimiento en un dispositivo portátil. Con su procesador Intel Core i5 de 12ª generación y 16 GB de memoria RAM DDR4, podrás realizar múltiples tareas sin problemas y disfrutar de una experiencia fluida y rápida. Además, su capacidad de disco híbrido de 1 TB y disco SSD de 256 GB te brindan un amplio espacio de almacenamiento para guardar todos tus archivos, documentos y aplicaciones. Su pantalla de 15.6"" con resolución Full HD te permitirá disfrutar de imágenes nítidas y colores vibrantes. La Laptop Lenovo V15 G3 15.6 también cuenta con gráficos Intel Iris Xe, lo que garantiza una calidad visual excepcional en tus juegos y contenido multimedia. Su diseño en color gris hierro le da un toque elegante y sofisticado. Además, su batería de polímero de litio te brinda una gran autonomía para que puedas trabajar o disfrutar de tu entretenimiento sin preocuparte por quedarte sin energía. Conectividad completa con puertos DisplayPort, Ethernet (RJ-45), HDMI, SD y USB-C. El sistema operativo FreeDOS te brinda la libertad de instalar el sistema operativo de tu elección. La Laptop Lenovo V15 G3 15.6 es la compañera perfecta para aquellos que buscan un equilibrio entre rendimiento, almacenamiento y diseño en un dispositivo portátil.",Lenovo,técnico,0.522105872631073,negocios,0.35410356521606445
1,1,"La laptop Lenovo V-Series V15 G3 fue pensada para hacer tu vida más sencilla. Su diseño elegante e innovador y su comodidad para transportarla, la convertirá en tu PC favorita. Cualquier tarea que te propongas, ya sea en casa o en la oficina, la harás con facilidad gracias a su poderoso rendimiento.Eficiencia a tu alcanceSu procesador Intel Core i5 de 10 núcleos, está pensado para aquellas personas generadoras y consumidoras de contenidos. Con esta unidad central, la máquina llevará a cabo varios procesos de forma simultánea, desde edición de videos hasta retoques fotográficos con programas profesionales.Un procesador exclusivo para los gráficosSu tarjeta gráfica Intel UHD Graphics convierte a este dispositivo en una gran herramienta de trabajo para cualquier profesional del diseño. Te permitirá lograr una gran performance en todos tus juegos y en otras tareas cotidianas que impliquen procesamiento gráfico.",Lenovo,natural,0.6248249411582947,videojuegos,0.6394304633140564
2,2,"La Laptop HP Core i5 1235u es la elección perfecta para aquellos que buscan un rendimiento excepcional y una experiencia informática fluida. Con su procesador Intel Core i5 y 16 GB de memoria RAM DDR4, podrás realizar múltiples tareas sin problemas y ejecutar aplicaciones exigentes con facilidad. Además, su disco SSD de 512 GB te brinda un amplio espacio de almacenamiento para tus archivos, programas y juegos favoritos.Con una pantalla de 14"" y una resolución de 1366 px x 768 px, disfrutarás de imágenes nítidas y colores vibrantes en cada detalle. Además, su frecuencia de actualización de 60 Hz garantiza una reproducción suave de videos y juegos. Y gracias a la tarjeta gráfica Intel Iris Xe Graphics, podrás disfrutar de un rendimiento gráfico impresionante.Esta laptop HP también destaca por su diseño elegante en color negro, que se adapta a cualquier estilo y entorno. Además, su peso ligero de 1.47 kg y su delgadez de 1.99 cm la hacen perfecta para llevarla contigo a donde quieras.Conectividad sin límites es lo que ofrece esta laptop, con puertos USB-A 3.0, USB-C 3.0 y HDMI, podrás conectar tus dispositivos y periféricos fácilmente. Además, cuenta con Bluetooth, Wi-Fi y puerto Ethernet para una conexión rápida y estable a internet.Y no podemos olvidar mencionar su pantalla antirreflejo, que te permite trabajar o disfrutar de tus contenidos favoritos sin molestos reflejos. Además, su cámara web HD y micrófono integrado te brindan una excelente calidad de videoconferencias y llamadas.En resumen, la Laptop HP Core i5 1235u es una poderosa herramienta que combina rendimiento, diseño y conectividad en un solo dispositivo. No pierdas la oportunidad de adquirir esta laptop de alta calidad y lleva tu experiencia informática al siguiente nivel.Aviso legal• La duración de la batería depende del uso que se le dé al producto.",Hp,técnico,0.5575007796287537,personal,0.40016141533851624
3,3,"PRODUCTO:Nombre: Laptop HP 14-dq5014la I5-1235U RAM 8GB 256GB SSD Windows 11Marca: HPDESCRIPCIÓN:Esta laptop HP de 14"" se diseñó para mejorar la productividad y el entretenimiento, con un diseño delgado y ligero. Disfruta de imágenes vívidas y sin parpadeos en una pantalla con microbordes y supera tus días más ocupados con el procesador Intel® CoreTM y el abundante espacio de almacenamiento. Mantente conectado todo el día gracias a la larga duración de la batería y la tecnología HP Fast Charge.CARACTERÍSTICAS PRINCIPALES: - Almacenamiento interno Unidad de estado sólido PCIe® NVMeTM M.2 de 256 GB- Aplicaciones HP HP Audio Switch; Documentación de HP; Juegos HP por WildTangent; HP JumpStart; HP Setup OOBE integrado; HP SSRM; HP Support Assistant; HP Connection Optimizer; Configuración de privacidad de HP; Protección de BIOS HP- Brillo 250 nits- Caché de procesador 12 MB L3- Cámara Web Cámara HP True Vision 720p HD con reducción de ruido temporal y micrófonos digitales de matriz dual integrados- Certificado Energy Star Certificación ENERGY STAR®- Chipset SoC integrado Intel®- Código UNSPSC 43211503- Color Plateado natural- Diseño de memoria 2 x 4 GB- Diseño de productos Base y cubierta con acabado pintado, marco del teclado con patrón de cepillado vertical- Duración de la batería Dura hasta 8 horas y 30 minutos- Duración de la batería para reproducción de video Hasta 11 horas- Especificaciones de impacto sustentable Teclas del teclado fabricadas con plástico reciclado posconsumo- Familia del procesador Procesador Intel® CoreTM i5 de 12.a generación- Funciones de audio Dos altavoces- Gestión de seguridad Compatibilidad con Trusted Platform Module (TPM de firmware)- Inalámbrico Combinación de Realtek Wi-Fi® RTL8821CE-M 802.11a/b/g/n/ac (1x1) y tarjeta inalámbrica Bluetooth® 4.2- Memoria 8 GB de RAM DDR4-3200 MHz (2 x 4 GB)- Nota sobre la red inalámbrica Compatible con MU-MIMO; Modo de espera moderno (conectado); Compatible con Miracast®- Núcleo del procesador 10- Pantalla Pantalla HD (1366 x 768), de 14"" (35,6 cm) en diagonal, BrightView, con microbordes, 250 nits y 45 % de NTSC- Pantalla táctil No- Peso de la batería 210 g- Procesador Intel® CoreTM i5-1235U (hasta 4,4 GHz con tecnología Intel® Turbo Boost, 12 MB de caché L3, 10 núcleos y 12 subprocesos)- Ranuras de expansión 1 lector de tarjetas SD multiformato- Relación ancho-alto 16:9- Relación pantalla-cuerpo (sin los altavoces) 79.08%- Servicios en la nube Almacenamiento en Dropbox de 25 GB durante 12 meses- Sin oscilaciones Sí- Sistema operativo Windows 11 Home Single Language- Software - productividad y finanzas 1 mes de prueba para los nuevos clientes de Microsoft 365- Software incluido McAfee LiveSafeTM; Oferta de prueba gratuita de 1 mes de Adobe- Software preinstalado ExpressVPN (prueba gratuita de 30 días); LastPass Premium (prueba gratuita de 30 días)- Tamaño de pantalla (diagonal) 35,6 cm (14"")- Teclado Teclado de tamaño completo color plata natural- Tiempo de recarga de la batería Admite carga rápida de la batería: aproximadamente un 50 % en 45 minutos- Tipo de almacenamiento Unidad de estado sólido- Tipo de batería Iones de litio de 3 celdas y 41 Wh- Tipo de fuente de alimentación Adaptador de alimentación de CA inteligente de 45 W CARACTERÍSTICAS FÍSICAS:Peso del paquete: 1.92 kgMedidas: 30 cm x 6 cm x 48 cm cmModelo: 8W380LAColor: PlateadoNombre de color: PlateadoResolución de pantalla: FHD (1920 x 1080)Tamaño de pantalla: 14Tamaño de memoria RAM: 8Unidad de memoría RAM: GbMarca del procesador: IntelUnidad de velocidad del procesador: GHzCapacidad del disco duro: 256Unidad del tamaño de disco duro: GbTipo de disco duro: SSDPuertos HDMI: 1Unidad del tamaño de RAM de la tarjeta gráfica: GbSistema Operativo: Windows 11 HomeSKU: NT015HPR94Aviso legal• La duración de la batería depende del uso que se le dé al producto.",Hp,natural,0.8346763253211975,personal,0.3909570276737213
4,4,"La Laptop HP 240 G10 14' es una máquina potente y elegante, equipada con un procesador Intel Core i7-1355U y 16GB de RAM DDR4 SDRAM a una velocidad de 3200 MHz, lo que garantiza un rendimiento excepcional. Su almacenamiento es de 512GB en un disco SSD, que proporciona una velocidad de lectura y escritura increíblemente rápida. La pantalla de 14 pulgadas con resolución de 1366 x 768 ofrece una calidad de imagen HD, perfecta para trabajar o ver contenido multimedia. Además, cuenta con una tarjeta gráfica Intel Iris Xe Graphics que mejora la experiencia visual. Su peso ligero de 1.36kg y su color Plata Ceniza Oscuro le dan un aspecto sofisticado. Este modelo no es 2 en 1, ni gamer, ni netbook, ni ultrabook, pero sí incluye características como teclado retroiluminado, Bluetooth, HDMI, micrófono, USB, cámara web y Wi-Fi. No incluye lápiz, puerto ethernet, lector de huella digital, salida para auriculares, lector de tarjeta de memoria, pad numérico, pantalla retina ni pantalla táctil. Viene con el sistema operativo Windows 11 Pro.Aviso legal• La duración de la batería depende del uso que se le dé al producto.",Hp,técnico,0.7295036911964417,negocios,0.4756779670715332
5,5,"Disfruta de la perfecta combinación de rendimiento y diseño con esta laptop Asus TUF Gaming TUF DASH FX517ZE-BS74. Encontrarás en ella una excelente herramienta para tus trabajos de todos los días y para tus momentos de entretenimiento. Aprovecha la experiencia extraordinaria que la marca tiene para ofrecerte y optimiza la calidad de tus imágenes y videos.Pantalla con gran impacto visualSu pantalla de 15.6"" y 1920x1080px de resolución te brindará colores más vivos y definidos. Tus películas y series preferidas cobrarán vida, ya que ganarán calidad y definición en cada detalle. Alta eficiencia a tu alcanceSu procesador Intel Core i7 de 10 núcleos, está pensado para quienes buscan la máxima exigencia en la productividad. Está destinado a personas que trabajan con programas de diseño, de edición o tienen un nivel de juego alto. Llevará a cabo varios procesos de forma simultánea, sin frenos y te brindará una experiencia excepcional.Un procesador exclusivo para los gráficosSu tarjeta gráfica NVIDIA GeForce RTX 3050 convierte a este dispositivo en una gran herramienta de trabajo para cualquier profesional del diseño. Te permitirá lograr una gran performance en todos tus juegos y en otras tareas cotidianas que impliquen procesamiento gráfico.Aviso legal• La duración de la batería depende del uso que se le dé al producto.",Asus,técnico,0.6494269371032715,videojuegos,0.5332057476043701
6,6,"La MacBook Pro es la laptop más poderosa de Apple, creada para quienes se proponen nuevos desafíos y logran cosas imposibles. Tiene una pantalla envolvente, procesadores superrápidos, gráficos de última generación, un nuevo teclado Magic Keyboard y un increíble espacio de almacenamiento.Eficiencia a tu alcanceSu procesador Apple M2 Pro, te permitirá ejecutar programas variados y procesos indispensables para desenvolverte en el día a día, ya sea en tu trabajo o en los momentos de ocio en tu hogar. ",Macbook,natural,0.60347580909729,negocios,0.5925964713096619
7,7,"La Laptop Gamer Lenovo Loq Intel Core I5 12a Gen es un portátil de alto rendimiento diseñado para los amantes de los videojuegos. Equipado con un procesador Intel Core i5, proporciona la velocidad y eficiencia que necesitas para una experiencia de juego inigualable. Con 8GB de memoria RAM y 512GB SSD de capacidad, ofrece un amplio espacio para almacenar tus juegos y archivos, manteniendo la laptop ágil y rápida. La pantalla de 15.6"" proporciona imágenes nítidas y colores vivos, sumergiéndote en tus juegos como nunca antes. Además, su sonido envolvente añade un toque de realismo a tu experiencia de juego.Aviso legal• La duración de la batería depende del uso que se le dé al producto.",Otro,técnico,0.7693719267845154,videojuegos,0.7628506422042847
8,8,"PRODUCTO:Nombre: Laptop HP Envy x360 15-fe0001la I7-1355U 16GB 1TB RTX3050Marca: HPDESCRIPCIÓN:La laptop HP Envy x360 2 en 1 mejora tu trabajo o tu tiempo de inactividad de todas las formas posibles, con una pantalla táctil de respuesta mejorada, un audio increíble y una tecnología de colaboración avanzada, todo ello respaldado por un diseño con materiales reciclados, una gran potencia y todas las aplicaciones y funciones de seguridad que necesitas para ser imparable.CARACTERÍSTICAS PRINCIPALES: - Almacenamiento interno Unidad de estado sólido (SSD) PCIe® NVMeTM M.2 de 1 TB- Aplicaciones HP HP Documentation; HP Setup Integrated OOBE; HP SSRM; HP Support Assistant; HP System Event Utility; HP Connection Optimizer; HP Privacy Settings; HP BIOS Recovery; HP QuickDrop; MyHP; HP Enhanced Lighting- Brillo 400 nits- Caché de procesador 12 MB L3- Cámara Web Cámara HP Wide Vision de infrarrojos y 5 MP con reducción de ruido temporal y micrófonos digitales integrados de doble matriz- Certificado Energy Star Certificación ENERGY STAR®- Chipset SoC integrado Intel®- Código UNSPSC 43211503- Color Plateado natural- Color de producto Aluminio de color plata natural- Colores de pantalla 1.07 billiones de colores- Diseño de memoria integrada- Diseño de productos Acabado anodizado y pulido con chorro de arena- Dispositivos de entrada Acelerómetro; Brújula electrónica; Giroscopio; Sensor térmico por infrarrojos- Duración de la batería Hasta 13 horas y 15 minutos- Duración de la batería para reproducción de video Hasta 15 horas y 30 minutos- Especificaciones de impacto sustentable Plástico de origen oceánico reciclado en las carcasas de los altavoces y el bisel; Metal recuperado e integrado en la tapa, en el marco del teclado, superior e inferior, en la base y las cubiertas de las bisagras; El teclado y las teclas tipo tijera son fabricados con material natural, renovable, reciclado y posconsumo- Especificaciones de nombre largo del producto V2 HP ENVY x360 2-in-1 Laptop 15, Windows 11 Home Single Language, 15.6"", Intel® CoreTM i7, 16GB RAM, 1TB Unidad de estado sólido, NVIDIA® GeForce RTXTM 3050, FHD, Plateado natural- Especificaciones del nombre corto del producto HP ENVY x360 2-en-1 Laptop 15-fe0001la, 15.6"", Intel® CoreTM i7, 16GB RAM, 1TB Unidad de estado sólido- Especificaciones y nombre del producto HP ENVY x360 2-en-1 Laptop 15-fe0001la, Windows 11 Home Single Language, 15.6"", Intel® CoreTM i7, 16GB RAM, 1TB Unidad de estado sólido, NVIDIA® GeForce RTXTM 3050, FHD, Plateado natural- Etiquetas ecológicas Registro EPEAT ® Gold- Familia del procesador Procesador Intel® CoreTM i7 de 13.a generación- Funciones de audio Audio de Bang &amp; Olufsen; DTS:X® Ultra; Dos altavoces; HP Audio Boost- Garantía del fabricante 1 año de garantía limitada de hardware con soporte técnico telefónico gratuito; 90 días de soporte técnico limitado para software (a partir de la fecha de compra)- Gestión de seguridad Tecla de silencio de micrófono; Obturador de privacidad de la cámara; Compatibilidad con Trusted Platform Module (Firmware TPM)- Inalámbrico Tarjeta inalámbrica de Realtek Wi-Fi 6E (2x2) y Bluetooth® 5.3 (compatible con velocidad de datos de Gigabit)- Memoria 16 GB de RAM LPDDR5-5500 MHz (incorporada)- Nombre de visualización del producto HP ENVY x360 2-in-1 Laptop 15- Nota sobre la memoria Velocidades de transferencia de hasta 5500 MT/s.- Nota sobre la red inalámbrica Modo de espera moderno (conectado)- Nota sobre tipo de batería [23]- Núcleo del procesador 10- Pantalla Pantalla multitáctil FHD, OLED, UWVA, con vidrio de lado a lado, microbordes y luz azul baja, de 39,6 cm (15,6"") en diagonal, 400 nits con SDR, 500 nits con HDR y 100 % de DCI-P3 (1920 x 1080)- Pantalla táctil Sí- Procesador Intel® CoreTM i7-1355U (hasta 5,0 GHz con tecnología Intel® Turbo Boost, 12 MB de caché L3, 10 núcleos y 12 subprocesos)- Puertos 2 USB con ThunderboltTM 4 Type-C® con velocidad de señalización de 40 Gbps (alimentación USB, DisplayPortTM 1.4, HP Sleep and Charge); 1 USB tipo-A con velocidad de señalización de 10 Gbps (HP Sleep and Charge); 1 USB tipo-A con velocidad de señalización de 10 Gbps; 1 HDMI 2.1; 1 combinación de auriculares y micrófono- Ranuras de expansión 1 lector de tarjetas SD multiformato- Relación ancho-alto 16:9- Relación de contraste de la pantalla (dinámico) 1000000:1- Relación pantalla-cuerpo (sin los altavoces) 88.34%- Se requiere registro No- Servicios en la nube Almacenamiento en Dropbox de 25 GB durante 12 meses- Sin oscilaciones Sí- Sistema operativo Windows 11 Home Single Language- Software - productividad y finanzas 1 mes de prueba para los nuevos clientes de Microsoft 365- Software incluido Concepts Basic incluido (1 mes de prueba gratuita de Concepts Everything); McAfee LiveSafeTM; Oferta de prueba gratuita de 1 mes de Adobe- Software preinstalado Duet® for HP (30 day free trial); ExpressVPN (30 day free trial); LastPass Premium (30 day free trial)- Tamaño de pantalla (diagonal) 39,6 cm (15,6"")- Teclado Teclado de tamaño completo, retroiluminado y de color gris suave- Tiempo de recarga de la batería Compatibilidad con carga rápida de batería: aproximadamente 50 % en 30 minutos- Tipo de almacenamiento Unidad de estado sólido- Tipo de batería Polímero de iones de litio de 4 celdas y 55 W/h- Tipo de fuente de alimentación Adaptador de corriente USB Type-C® de 90 W MÁS DETALLES:Peso del paquete: 1 kgMedidas: 30 cm x 6 cm x 52 cm cmModelo: 80S50LAMeses de garantía: 12Condición: NuevoColor: PlateadoNombre de color: PlateadoEAN: 197497512427GTIN: 197497512427MPN: 84A52LAResolución de pantalla: (1920x1200)Tamaño de pantalla: 16Unidad de memoría RAM: GbUnidad de velocidad del procesador: GHzCapacidad del disco duro: 1Unidad del tamaño de disco duro: GbPuertos HDMI: 1Unidad del tamaño de RAM de la tarjeta gráfica: GbSistema Operativo: Windows 11 HomeSKU: NT015HPR52",Hp,natural,0.7085778713226318,negocios,0.4798921048641205
9,9,0,Huawei,técnico,0.6067935824394226,personal,0.4459722340106964
10,10,"La notebook más delgada y ligera de Apple viene con los superpoderes del chip M1. Termina todos tus proyectos mucho más rápido con el CPU de 8 núcleos y disfruta como nunca antes de apps y juegos con gráficos avanzados gracias al GPU de hasta 8 núcleos. Además, el Neural Engine de 16 núcleos se encarga de acelerar todos los procesos de aprendizaje automático. Todo en un diseño silencioso sin ventilador que te ofrece la mayor duración de batería en una MacBook Air: hasta 18 horas. (1) Portátil como siempre, más poderosa que nunca.Avisos LegalesNo todos los recursos y configuraciones están disponibles en todos los países.(1) La duración de la batería varía según el uso y la configuración.(2) Comparado con la generación anterior.(3) El tamaño de la pantalla se mide en diagonal.Aviso legal• La duración de la batería depende del uso que se le dé al producto.",Macbook,natural,0.5108234286308289,personal,0.6945234537124634
11,11,"La laptop Lenovo ThinkPad E15 Gen 3 (AMD) fue pensada para hacer tu vida más sencilla. Su diseño elegante e innovador y su comodidad para transportarla, la convertirá en tu PC favorita. Cualquier tarea que te propongas, ya sea en casa o en la oficina, la harás con facilidad gracias a su poderoso rendimiento.Pantalla con gran impacto visualSu pantalla de 15.6"" y 1920x1080 px de resolución te brindará colores más vivos y definidos. Tus películas y series preferidas cobrarán vida, ya que ganarán calidad y definición en cada detalle. Eficiencia a tu alcanceSu procesador AMD Ryzen 5 de 66 núcleos, te permitirá ejecutar programas variados y procesos indispensables para desenvolverte en el día a día, ya sea en tu trabajo o en los momentos de ocio en tu hogar. Potente disco sólidoEl disco sólido de 512 GB hace que el equipo funcione a gran velocidad y por lo tanto te brinda mayor agilidad para operar con diversos programas.Un procesador exclusivo para los gráficosSu tarjeta gráfica AMD Radeon integrados convierte a este dispositivo en una gran herramienta de trabajo para cualquier profesional del diseño. Te permitirá lograr una gran performance en todos tus juegos y en otras tareas cotidianas que impliquen procesamiento gráfico.Aviso legal• La duración de la batería depende del uso que se le dé al producto.",Thinkpad,técnico,0.5682918429374695,videojuegos,0.4430917203426361
12,12,"La laptop Lenovo V15 V15 G3 IAP fue pensada para hacer tu vida más sencilla. Su diseño elegante e innovador y su comodidad para transportarla, la convertirá en tu PC favorita. Cualquier tarea que te propongas, ya sea en casa o en la oficina, la harás con facilidad gracias a su poderoso rendimiento.Pantalla con gran impacto visualSu pantalla LED de 15.6"" y 1920x1080 px de resolución te brindará colores más vivos y definidos. Tus películas y series preferidas cobrarán vida, ya que ganarán calidad y definición en cada detalle.Eficiencia a tu alcanceSu procesador Intel de 6 núcleos, te permitirá ejecutar programas variados y procesos indispensables para desenvolverte en el día a día, ya sea en tu trabajo o en los momentos de ocio en tu hogar. Potente disco sólidoEl disco sólido de 256 GB hace que el equipo funcione a gran velocidad y por lo tanto te brinda mayor agilidad para operar con diversos programas.Aviso legal• La duración de la batería depende del uso que se le dé al producto.",Lenovo,técnico,0.5641888976097107,negocios,0.3883286416530609
13,13,"Disfruta de la perfecta combinación de rendimiento y diseño con esta laptop Asus VivoBook X1605VA. Encontrarás en ella una excelente herramienta para tus trabajos de todos los días y para tus momentos de entretenimiento. Aprovecha la experiencia extraordinaria que la marca tiene para ofrecerte y optimiza la calidad de tus imágenes y videos.Eficiencia a tu alcanceSu procesador Intel Core i9 de 14 núcleos, te permitirá ejecutar programas variados y procesos indispensables para desenvolverte en el día a día, ya sea en tu trabajo o en los momentos de ocio en tu hogar. Un procesador exclusivo para los gráficosSu tarjeta gráfica Intel Iris X convierte a este dispositivo en una gran herramienta de trabajo para cualquier profesional del diseño. Te permitirá lograr una gran performance en todos tus juegos y en otras tareas cotidianas que impliquen procesamiento gráfico.",Asus,técnico,0.5506735444068909,negocios,0.47943204641342163
14,14,"La notebook HP Pavilion X360 es una solución tanto para trabajar y estudiar como para entretenerte. Al ser portátil, el escritorio dejará de ser tu único espacio de uso para abrirte las puertas a otros ambientes ya sea en tu casa o en la oficina.Pantalla con gran impacto visualSu pantalla de 14"" y 1920x1080 px de resolución te brindará colores más vivos y definidos. Tus películas y series preferidas cobrarán vida, ya que ganarán calidad y definición en cada detalle. Alta eficiencia a tu alcanceSu procesador Intel Core I7 de 10 núcleos, está pensado para quienes buscan la máxima exigencia en la productividad. Está destinado a personas que trabajan con programas de diseño, de edición o tienen un nivel de juego alto. Llevará a cabo varios procesos de forma simultánea, sin frenos y te brindará una experiencia excepcional.Potente disco sólidoEl disco sólido de 512 GB hace que el equipo funcione a gran velocidad y por lo tanto te brinda mayor agilidad para operar con diversos programas.Un procesador exclusivo para los gráficosSu tarjeta gráfica Integrada convierte a este dispositivo en una gran herramienta de trabajo para cualquier profesional del diseño. Te permitirá lograr una gran performance en todos tus juegos y en otras tareas cotidianas que impliquen procesamiento gráfico.Aviso legal• La duración de la batería depende del uso que se le dé al producto.",Hp,técnico,0.570786714553833,videojuegos,0.40214595198631287
15,15,"Con la laptop 2 en 1 Lenovo 82XY005LLM vas a disfrutar de la combinación única entre portabilidad y usabilidad. Su principal beneficio es su capacidad de transformarse en una tablet sin perder la potencia y el rendimiento de una computadora portátil. Eficiencia a tu alcanceSu procesador AMD de 8 núcleos, te permitirá ejecutar programas variados y procesos indispensables para desenvolverte en el día a día, ya sea en tu trabajo o en los momentos de ocio en tu hogar. Un procesador exclusivo para los gráficosSu tarjeta gráfica Integrated AMD Radeon Graphics convierte a este dispositivo en una gran herramienta de trabajo para cualquier profesional del diseño. Te permitirá lograr una gran performance en todos tus juegos y en otras tareas cotidianas que impliquen procesamiento gráfico.",Lenovo,natural,0.6449199318885803,videojuegos,0.6046882271766663
16,16,0,Macbook,técnico,0.6067935824394226,personal,0.4459722340106964
17,17,"La Laptop HP 250 G9 en color gris oscuro es una poderosa herramienta que combina un rendimiento excepcional con una gran capacidad de almacenamiento. Equipada con un potente procesador Intel Core i7-1255U de 10 núcleos y una frecuencia de 1.7Ghz, esta laptop ofrece un rendimiento rápido y eficiente para todas tus tareas diarias.Con una memoria RAM de 24GB y un disco SSD de 512GB, esta laptop te brinda un amplio espacio de almacenamiento para tus archivos, programas y aplicaciones. Además, la pantalla de 15.6"" HD antirreflejo te permite disfrutar de una experiencia visual nítida y clara.La Laptop HP 250 G9 también cuenta con un teclado numérico, lo que facilita la introducción de datos y cálculos. Además, viene con el sistema operativo FreeDOS preinstalado, junto con programas de prueba como Windows 11, Office, utilitarios y antivirus.Con su diseño elegante y moderno, esta laptop es perfecta para profesionales y estudiantes que buscan un rendimiento excepcional y una gran capacidad de almacenamiento. Ya sea que estés trabajando en proyectos intensivos, disfrutando de contenido multimedia o navegando por la web, la Laptop HP 250 G9 te brinda la potencia y el rendimiento que necesitas.",Hp,natural,0.5006937384605408,negocios,0.5242616534233093
18,18,"PRODUCTO:Nombre: Laptop HP 15-fc0013la R7-7730U RAM 16GB 512GB SSD Windows 11Marca: HPDESCRIPCIÓN:La laptop HP de 15,6"" viene con múltiples funciones para lograr productividad y para que tu cartera, y el planeta, estén contentos. Fabricada con materiales reciclados, esta potente laptop HP cuenta con un procesador AMD[1], amplio almacenamiento y gráficos fascinantes. Además, su relación pantalla-cuerpo de 85 %[2] y su bisel estrecho de 3 lados ofrecen mucho espacio para hacer y ver más cosas importantes.CARACTERÍSTICAS PRINCIPALES: - Almacenamiento interno Unidad de estado sólido de 512 GB PCIe® NVMeTM M.2- Aplicaciones HP HP Documentation; HP Games by WildTangent; HP Setup Integrated OOBE; HP SSRM; HP Support Assistant; HP System Event Utility; HP Connection Optimizer; HP Privacy Settings; HP BIOS Recovery; HP QuickDrop; MyHP- Brillo 250 nits- Caché de procesador 16 MB L3- Cámara Web Cámara FHD HP True Vision de 1080p con reducción de ruido temporal y micrófonos digitales integrados de doble matriz- Características especiales Compatible con AMD Radeon FreeSyncTM- Certificado Energy Star Certificación ENERGY STAR®- Chipset SoC integrado AMD- Código UNSPSC 43211503- Color Plateado natural- Color de producto Plateado natural- Diseño de memoria 2 x 8 GB- Diseño de productos Cubierta y marco de teclado con acabado mate y base con relieve- Duración de la batería Hasta 10 horas- Duración de la batería para reproducción de video Hasta 10 horas y 45 minutos- Especificaciones de impacto sustentable Plástico de origen oceánico y reciclado en la estructura de los altavoces; Las teclas y el mecanismo tipo tijera del teclado contienen plástico reciclado posconsumo- Especificaciones de nombre largo del producto V2 HP Laptop 15, Windows 11 Home Single Language, 15.6"", AMD RyzenTM 7, 16GB RAM, 512GB Unidad de estado sólido, FHD, Plateado natural- Especificaciones del nombre corto del producto HP Laptop 15-fc0013la, 15.6"", AMD RyzenTM 7, 16GB RAM, 512GB Unidad de estado sólido- Especificaciones y nombre del producto HP Laptop 15-fc0013la, Windows 11 Home Single Language, 15.6"", AMD RyzenTM 7, 16GB RAM, 512GB Unidad de estado sólido, FHD, Plateado natural- Etiquetas ecológicas Registro EPEAT ® Gold- Familia del procesador Procesador AMD RyzenTM 7- Funciones de audio Dos altavoces- Garantía del fabricante 1 año de garantía limitada de hardware con soporte técnico telefónico gratuito. 90 días de soporte técnico limitado para software (a partir de la fecha de compra).- Gestión de seguridad Tecla de silencio de micrófono; Obturador de privacidad de la cámara; Compatibilidad con Trusted Platform Module (Firmware TPM)- Inalámbrico Tarjeta inalámbrica Realtek Wi-Fi 6 (1x1) y Bluetooth® 5.3- Lector de huellas Lector de huellas- Memoria 16 GB de RAM DDR4-3200 MHz (2 x 8 GB)- Nombre de visualización del producto HP Laptop 15- Nota sobre la memoria Velocidades de transferencia de hasta 3200 MT/s- Nota sobre la red inalámbrica Modo de espera moderno (conectado)- Nota sobre tipo de batería [23]- Núcleo del procesador 8- Pantalla Pantalla FHD (1920 x 1080), de 15,6"" (39,6 cm) en diagonal, con bisel microborde, antirreflejante, 250 nits, 45 % de NTSC- Pantalla táctil No- Procesador AMD RyzenTM 7 7730U (velocidad máxima de hasta 4,5 GHz, 16 MB de caché L3, 8 núcleos y 16 subprocesos)- Puertos 1 USB Tipo-C® con velocidad de señalización de 5 Gb/s (admite solo transferencia de datos y no admite carga o monitores externos); 2 USB Tipo-A con velocidad de señalización de 5 Gb/s; 1 conector inteligente de CA; 1 HDMI 1.4b; 1 combinación de audífonos/micrófono- Relación ancho-alto 16:9- Relación pantalla-cuerpo (sin los altavoces) 85%- Se requiere registro No- Servicios en la nube Almacenamiento en Dropbox de 25 GB durante 12 meses- Sin oscilaciones Sí- Sistema operativo Windows 11 Home Single Language- Software - productividad y finanzas 1 mes de prueba para los nuevos clientes de Microsoft 365- Software incluido McAfee LiveSafeTM; Oferta de prueba gratuita de 1 mes de Adobe- Software preinstalado ExpressVPN (prueba gratuita de 30 días); LastPass Premium (prueba gratuita de 30 días)- Tamaño de pantalla (diagonal) 39,6 cm (15,6"")- Teclado Teclado gris suave de tamaño completo con teclado numérico- Tiempo de recarga de la batería Admite carga rápida de la batería: aproximadamente un 50 % en 45 minutos- Tipo de almacenamiento Unidad de estado sólido- Tipo de batería Batería de polímero de iones de litio de 3 celdas y 41 Wh- Tipo de fuente de alimentación Adaptador de alimentación de CA inteligente de 45 W MÁS DETALLES:Peso del paquete: 2.29 kgMedidas: 30 cm x 6 cm x 52 cm cmModelo: 802N2LAMeses de garantía: 12Garantía: 1 año con la marcaCondición: NuevoColor: PlateadoNombre de color: PlateadoEAN: 197497164268GTIN: 197497164268MPN: 802N2LAResolución de pantalla: FHD (1920 x 1080)Tamaño de pantalla: 15Tamaño de memoria RAM: 16Unidad de memoría RAM: GbMarca del procesador: IntelUnidad de velocidad del procesador: GHzCapacidad del disco duro: 512Unidad del tamaño de disco duro: GbTipo de disco duro: SSDPuertos HDMI: 1Unidad del tamaño de RAM de la tarjeta gráfica: GbSistema Operativo: Windows 11 HomeSKU: NT015HPR73",Hp,natural,0.7265431880950928,negocios,0.38050395250320435
19,19,"¡SOMOS MACGLU!Somos una tienda que se especialista en vender productos Apple; iPhone, iPad, MacBook y accesorios de la misma marca. Tenemos más de diez años en el mercado con atención garantizada, además ofrecemos productos con garantía de un (01) año tanto como de la marca y tienda. El sistema cuenta con el chip Apple M3 Max de 16 núcleos, que proporciona la potencia y la eficiencia de rendimiento necesarias para manejar todos sus flujos de trabajo profesionales. Ahora construido con tecnología de proceso de 3 nm, el chip M3 Max de 16 núcleos se combina con una GPU de 40 núcleos. La GPU de próxima generación cuenta con almacenamiento en caché dinámico, trazado de rayos acelerado por hardware y sombreado de malla, todo lo cual aumenta significativamente el rendimiento de las aplicaciones y juegos profesionales más exigentes.",Macbook,técnico,0.5288441181182861,videojuegos,0.5380761623382568
20,20,"La MacBook Pro da un salto al futuro con los chips M3. Fabricados con tecnología de 3 nanómetros y una nueva arquitectura de GPU, son los chips más avanzados que existen en una computadora personal. Y cada uno de estos pequeños gigantes lleva la potencia y el rendimiento a niveles inimaginables",Macbook,técnico,0.8434725403785706,personal,0.47536370158195496
21,21,"CASESWORLD PERU SACPor favor leer detenidamente el anuncio.Cases World Peru S.A.C.Empresa líder en el rubro tecnológico, trabajamos con las mejores marcas (Apple, Samsung, Bose y Mas!).!SOMOS TIENDA OFICIAL¡100% calificación positiva.Estamos en:Miraflores: C.C. Compupalace.La Victoria: C.C. Polvos AzulesTodos los equipos son 100% nuevos y sellados con garantía de 12 meses Apple.--Nuestros Productos por CASES WORLD STORE--https://eshops.mercadolibre.com.pe/CASESWORLD.STOREImportado por CasesWorldStore Peru Sac:::::::::::::::::::::::::::::::::::::::::::::::::::::::::::::::::::::::::::::::::::::::::::::::::::::::::::::::::::::::::::::::::::::::::--DESCRIPCION--SGP 8C CPU/ 10C GPU/ 8GB / 512GBSuperalimentado por M3: con una CPU de 8 núcleos y una GPU de 10 núcleos, el chip Apple M3 puede ayudarte a superar la multitarea diaria y enfrentar proyectos profesionales como editar miles de fotos o video 4K.Hasta 22 horas de duración de la batería: pasa todo el día gracias al diseño eficiente de la silicona Apple El portátil MacBook Pro ofrece el mismo rendimiento excepcional, ya sea que esté funcionando con batería o enchufado. (La vida útil de la batería varía según el uso y la configuración. Consulte apple.com/batteries para obtener más información.:::::::::::::::::::::::::::::::::::::::::::::::::::::::::::::::::::::::::::::::::::::::::::::::::::::::::::::::::::::::::::::::::::::::::-¿Cuales son las formas de envio?*Llego Mercado Envíos Flex: Recibe tu producto el mismo día de tu compra (Lima Metropolitana).*Retiro de producto en tienda: Escoge la opción de retiro de producto en domicilio del vendedor.*Envíos a provincia totalmente GRATIS!: El envío se realiza por el Courier oficial de Mercado libre envíos.- ¿Cuáles son las formas de pago disponibles?+Los pagos se realizan a través de MercadoPago, con tarjeta de débito, crédito o en efectivo- ¿Puedo pagar con depósito o transferencia bancaria?+No, sólo aceptamos los medios de pago habilitados en MercadoPago.:::::::::::::::::::::::::::::::::::::::::::::::::::::::::::::::::::::::::::::::::::::::::::::::::::::::::::::::::::::::::::::::::::::::::-Nuestros Productos por CASES WORLD STORE",Macbook,técnico,0.5080693960189819,negocios,0.3583633303642273
22,22,"Disfruta de la perfecta combinación de rendimiento y diseño con esta laptop Asus ASUS Laptop E1504FA-NJ404W. Encontrarás en ella una excelente herramienta para tus trabajos de todos los días y para tus momentos de entretenimiento. Aprovecha la experiencia extraordinaria que la marca tiene para ofrecerte y optimiza la calidad de tus imágenes y videos.Pantalla con gran impacto visualSu pantalla de 15.6"" y FHD: 1920 x 1080 de resolución te brindará colores más vivos y definidos. Tus películas y series preferidas cobrarán vida, ya que ganarán calidad y definición en cada detalle. Eficiencia a tu alcanceSu procesador AMD de 6 núcleos, te permitirá ejecutar programas variados y procesos indispensables para desenvolverte en el día a día, ya sea en tu trabajo o en los momentos de ocio en tu hogar. Un procesador exclusivo para los gráficosSu tarjeta gráfica AMD Radeon Graphics convierte a este dispositivo en una gran herramienta de trabajo para cualquier profesional del diseño. Te permitirá lograr una gran performance en todos tus juegos y en otras tareas cotidianas que impliquen procesamiento gráfico.",Asus,natural,0.6219587326049805,videojuegos,0.6507354974746704
23,23,"Disfruta de la perfecta combinación de rendimiento y diseño con esta laptop Asus Laptop X515EP-EJ665W. Encontrarás en ella una excelente herramienta para tus trabajos de todos los días y para tus momentos de entretenimiento. Aprovecha la experiencia extraordinaria que la marca tiene para ofrecerte y optimiza la calidad de tus imágenes y videos.Pantalla con gran impacto visualSu pantalla de 15.6"" y FHD de resolución te brindará colores más vivos y definidos. Tus películas y series preferidas cobrarán vida, ya que ganarán calidad y definición en cada detalle. Eficiencia a tu alcanceSu procesador Intel Core i5 de 4 núcleos, está pensado para aquellas personas generadoras y consumidoras de contenidos. Con esta unidad central, la máquina llevará a cabo varios procesos de forma simultánea, desde edición de videos hasta retoques fotográficos con programas profesionales.Potente disco sólidoEl disco sólido de 512 GB hace que el equipo funcione a gran velocidad y por lo tanto te brinda mayor agilidad para operar con diversos programas.Un procesador exclusivo para los gráficosSu tarjeta gráfica Intel UHD Graphics convierte a este dispositivo en una gran herramienta de trabajo para cualquier profesional del diseño. Te permitirá lograr una gran performance en todos tus juegos y en otras tareas cotidianas que impliquen procesamiento gráfico.",Asus,natural,0.661099374294281,videojuegos,0.5576609373092651
24,24,"La laptop MSI MSI Gamer KATANA 15 B13VEK-818MX es una solución tanto para trabajar y estudiar como para entretenerte. Al ser portátil, el escritorio dejará de ser tu único espacio de uso para abrirte las puertas a otros ambientes ya sea en tu casa o en la oficina.Pantalla con gran impacto visualSu pantalla LCD de 15.6"" y 1920*1080 de resolución te brindará colores más vivos y definidos. Tus películas y series preferidas cobrarán vida, ya que ganarán calidad y definición en cada detalle.Alta eficiencia a tu alcanceSu procesador Intel Core i7 de 10 núcleos, está pensado para quienes buscan la máxima exigencia en la productividad. Está destinado a personas que trabajan con programas de diseño, de edición o tienen un nivel de juego alto. Llevará a cabo varios procesos de forma simultánea, sin frenos y te brindará una experiencia excepcional.Potente disco sólidoEl disco sólido de 512 GB hace que el equipo funcione a gran velocidad y por lo tanto te brinda mayor agilidad para operar con diversos programas.Un procesador exclusivo para los gráficosSu tarjeta gráfica NVIDIA GeForce® RTX4050 Laptop GPU convierte a este dispositivo en una gran herramienta de trabajo para cualquier profesional del diseño. Te permitirá lograr una gran performance en todos tus juegos y en otras tareas cotidianas que impliquen procesamiento gráfico.Aviso legal• La duración de la batería depende del uso que se le dé al producto.",Otro,técnico,0.5586411356925964,videojuegos,0.4711984694004059
25,25,"La laptop HP 13-ba1012la es una solución tanto para trabajar y estudiar como para entretenerte. Al ser portátil, el escritorio dejará de ser tu único espacio de uso para abrirte las puertas a otros ambientes ya sea en tu casa o en la oficina.Alta eficiencia a tu alcanceSu procesador Intel Core i7 de 4 núcleos, está pensado para quienes buscan la máxima exigencia en la productividad. Está destinado a personas que trabajan con programas de diseño, de edición o tienen un nivel de juego alto. Llevará a cabo varios procesos de forma simultánea, sin frenos y te brindará una experiencia excepcional.Potente disco sólidoEl disco sólido de 512 GB hace que el equipo funcione a gran velocidad y por lo tanto te brinda mayor agilidad para operar con diversos programas.Un procesador exclusivo para los gráficosSu tarjeta gráfica Intel® Iris® X convierte a este dispositivo en una gran herramienta de trabajo para cualquier profesional del diseño. Te permitirá lograr una gran performance en todos tus juegos y en otras tareas cotidianas que impliquen procesamiento gráfico.",Hp,natural,0.6091738343238831,videojuegos,0.5023245811462402
26,26,"Transforma tus tareas diarias en experiencias únicas con Vivobook 15, tu herramienta esencial para facilitar tus actividades, en cualquier lugar. Su diseño intuitivo, con una bisagra plana de 180° y un protector físico para la cámara web, hace que sea completamente sencillo de utilizar. Además, ASUS Antimicrobial Guard Plus protege las superficies de contacto frecuente contra bacterias dañinas, cuidando de tu salud. ¡Vivobook 15 hace tus días más agradables!",Asus,técnico,0.6593459248542786,personal,0.7478752732276917
27,27,"PRODUCTO:Nombre: Laptop HP Pavilion 15-eg2507la i7-1255U 16GB 512GB SSD Win11Marca: HPDESCRIPCIÓN:Haga lo que tenga que hacer en cualquier lugar, con la ayuda de la laptop compacta HP Pavilion de 15 pulgadas. Complete las tareas eficazmente gracias al potente procesador Intel® y el panel táctil de precisión. Siga trabajando con seguridad gracias a la larga duración de la batería de esta laptop que se combina con la función HP Fast Charge. Eleve el nivel de entretenimiento con Audio by B&O y una pantalla que elimina el parpadeo.CARACTERÍSTICAS PRINCIPALES: - Almacenamiento interno Unidad de estado sólido de 512 GB PCIe® NVMeTM M.2- Aplicaciones HP HP Games by WildTangent; HP JumpStart; HP Support Assistant; HP Connection Optimizer; HP Command Center; HP BIOS Recovery; HP QuickDrop; MyHP; HP Enhanced Lighting- Brillo 250 nits- Caché de procesador 12 MB L3- Cámara Web Cámara HD HP Wide Vision de 720p con reducción de ruido temporal y micrófonos digitales integrados de doble matriz- Certificado Energy Star Certificación ENERGY STAR®- Chipset SoC integrado Intel®- Código UNSPSC 43211503- Color Plateado natural- Color de producto Cubierta y marco de teclado de aluminio de color plateado natural, base de color plateado natural- Diseño de memoria 2 x 8 GB- Diseño de productos Cubierta y marco del teclado pulidos con chorro de arena, base con acabado de pintura- Duración de la batería Hasta 7 horas y 30 minutos- Duración de la batería para reproducción de video Hasta 10 horas y 15 minutos- Especificaciones de impacto sustentable Plástico reciclado de origen oceánico en la carcasa del altavoz- Especificaciones de nombre largo del producto V2 HP Pavilion Laptop 15, Windows 11 Home Single Language, 15.6"", Intel® CoreTM i7, 16GB RAM, 512GB Unidad de estado sólido, FHD, Plateado natural- Especificaciones del nombre corto del producto HP Pavilion Laptop 15-eg2507la, 15.6"", Intel® CoreTM i7, 16GB RAM, 512GB Unidad de estado sólido- Especificaciones y nombre del producto HP Pavilion Laptop 15-eg2507la, Windows 11 Home Single Language, 15.6"", Intel® CoreTM i7, 16GB RAM, 512GB Unidad de estado sólido, FHD, Plateado natural- Etiquetas ecológicas Registro EPEAT® Silver- Familia del procesador Procesador Intel® CoreTM i7 de 12.a generación- Funciones de audio Audio by B&O; Altavoces dobles; HP Audio Boost- Garantía del fabricante 1 año de garantía limitada de hardware con soporte técnico telefónico gratuito. 90 días de soporte técnico limitado para software (a partir de la fecha de compra).- Gestión de seguridad Nanorranura con cierre de seguridad Kensington; Compatible con el módulo de plataforma de confianza (firmware TPM)- Gráficos Integradas- Gráficos (integrados) Gráficos Intel® Iris® X- Inalámbrico Tarjeta inalámbrica MediaTek Wi-Fi 6 MT7921 (2x2) y Bluetooth® 5.3 (compatible con velocidad de datos de Gigabit)- Memoria 16 GB de RAM DDR4-3200 MHz (2 x 8 GB)- Nombre de visualización del producto HP Pavilion Laptop 15- Nota sobre la memoria Velocidades de transferencia de hasta 3200 MT/s- Nota sobre la red inalámbrica Modo de espera moderno (conectado)- Nota sobre la tarjeta gráfica integrada Las capacidades gráficas de Intel® Iris® Xe requieren que el sistema se configure con procesadores Intel® CoreTM i5 o i7 y memoria de canal dual. Los gráficos de Intel® Iris® X con procesadores Intel® CoreTM i5 o i7, y memoria de canal único solo funcionan con gráficos Intel® UHD.- Núcleo del procesador 10- Pantalla Pantalla FHD (1920 x 1080), de 15,6"" (39,6 cm) en diagonal, con bisel microborde, antirreflejante, 250 nits, 45 % de NTSC- Pantalla táctil No- Peso de la batería 192 g- Procesador Intel® CoreTM i7-1255U (hasta 4,7 GHz con tecnología Intel® Turbo Boost, 12 MB de caché L3, 10 núcleos y 12 subprocesos)- Puertos 1 USB Type-C® con velocidad de señalización de 10 Gbps (USB con suministro de energía, DisplayPortTM 1.4, HP Sleep and Charge); 2 USB Tipo-A con velocidad de señalización de 5 Gbps; 1 HDMI 2.1; 1 smart pin de CA; 1 combinación de auriculares/micrófono- Relación ancho-alto 16:9- Relación pantalla-cuerpo (sin los altavoces) 86%- Se requiere registro No- Servicios en la nube Almacenamiento en Dropbox de 25 GB durante 12 meses- Sin oscilaciones Sí- Sistema operativo Windows 11 Home Single Language- Software - productividad y finanzas 1 mes de prueba para los nuevos clientes de Microsoft 365- Software incluido McAfee LiveSafeTM; Oferta de prueba gratuita de 1 mes de Adobe; Concepts Basic incluido (1 mes de prueba gratuita de Concepts Everything)- Software preinstalado LastPass password manager (prueba gratuita de 30 días); Duet® for HP (prueba gratuita de 30 días)- Tamaño de pantalla (diagonal) 39,6 cm (15,6"")- Teclado Teclado de tamaño completo, retroiluminado, en plata natural, con teclado numérico- Tiempo de recarga de la batería Admite carga rápida de la batería: aproximadamente un 50 % en 45 minutos- Tipo de almacenamiento Unidad de estado sólido- Tipo de batería Iones de litio de 3 celdas y 41 Wh- Tipo de fuente de alimentación Adaptador de alimentación de CA inteligente de 45 W MÁS DETALLES:Peso del paquete: 2 kgMedidas: 30 cm x 7 cm x 52 cm cmModelo: 15-eg2507laMeses de garantía: 12Garantía: 1 añoCondición: NuevoColor: GrisNombre de color: GrisEAN: 197498728841GTIN: 197498728841MPN: 91S38LABaterías incluidas: SiRequiere baterías: SiResolución de pantalla: FHD (1.920 x 1.080)Tamaño de pantalla: 15Tamaño de memoria RAM: 16Unidad de memoría RAM: GbTipo de memoria RAM: ddr4Numero de procesadores: 10Marca del procesador: IntelVelocidad del procesador: 4.7Unidad de velocidad del procesador: GHzCapacidad del disco duro: 512Unidad del tamaño de disco duro: GbTipo de disco duro: SSDPuertos HDMI: 1Unidad del tamaño de RAM de la tarjeta gráfica: GbSistema Operativo: windows 11 proSKU: NT016HPR74",Hp,natural,0.9063088893890381,personal,0.39790844917297363
28,28,"PRODUCTONotebook HP 15-FC0006LA, AMD Ryzen 3 7320u, 8GB, 512SSD, 15,6"" FHD, Win 11Procesador AMD Ryzen™ 3Esta arquitectura de gran eficiencia, que constituye un avance significativo en la tecnología de los procesadores, ofrece 4 núcleos y desempeño de 4 subprocesos para resultar eficiente incluso en la realización de las tareas más intensivas.Gráficos AMD Radeon™Disfruta del alto desempeño en todo el entretenimiento.Sin oscilacionesCon la tecnología de atenuación DC Dimming la cual controla el brillo ajustando la corriente continua en lugar de ciclar la luz de fondo, eliminamos el parpadeo de la pantalla para una visualización más cómoda.Pantalla Full HDImágenes de gran nitidez con la calidad que brindan 2 millones de píxeles. La resolución de 1920 x 1080 ofrece una nueva dimensión a todo tu contenido digital.DETALLESCubierta dorada cálida, base y marco de teclado en plata natural.Sistema Operativo Windows 11 Home Single Language en español.Procesador AMD Ryzen 3 7320U (hasta 4,1 GHz, 4 MB de caché L3, 4 núcleos, 8 subprocesos).Memoria 8 GB RAM LPDDR5-5500 MHz (incorporada).Disco 512GB M.2 NVMe PCIe 3.0 SSD.Pantalla LED IPS 15.6"" Full HD (1920 x 1080).Gráficos AMD Radeon.Teclado en ESPAÑOL con teclado numérico.Sonido HD con parlante integrado.Realtek Wi-Fi 6 (1x1) + Bluetooth 5.3.Cámara HP True Vision 720p HD con micrófono integrado.Batería de 3 celdas 41WHr.Dimensiones: 35,98 x 23,6 x 1,86 cmPeso: 1.59kgPuertos disponibles:1 USB Tipo-C con velocidad de señalización de 5 Gb/s2 USB Tipo-A con velocidad de señalización de 5 Gb/s1 conector inteligente de CA1 HDMI 1.4b1 combinación de audífonos/micrófono'.",Hp,natural,0.7229408621788025,personal,0.3563387393951416
29,29,"|||>>> Somos LAPTOSHOP PERU<<<|||COMPRE CON TODA CONFIANZA !!..Su dinero o Compra está protegida por MercadoLibre, hasta que recibas lo que compraste y lo tengas en tus manos.** EMITIMOS FACTURA O BOLETA.**ATENCION !!PARA UNA COMPRA EXITOSA POR FAVOR :•••••••••••••••••••••••••••CONSULTAR STOCK ANTES DE DARLE EN COMPRAR !!!••••••••••••••••••••••••••>>LAPTOP ASUS TUF DASH F15 - 2022Procesador: 12ª generación Intel Core i5>> Con RTX 3050 GDDR6 - 4GB <<E S P E C I F I C A C I O N E S :'''''''''''''''''''''''''''''''''''''''''''''''''•• PROCESADOR : Intel Core i5-12500H, 12 Nucleos•• MEMORIA RAM : 32GB DDR4 •• DISCO SSD : 1TB PCIe NVMe•• TARJETA VIDEO : NVIDIA GeForce RTX 3050 (4GB) GDDR6•• PANTALLA : 15.6"" Full HD (1920*1080), 144Hz IPS•• COLOR : Negro•• SISTEMA OPERATIVO: Windows 11 - Original•• TECLADO Retroiluminado + Numérico•• Teclado Ingles configurable a ESPAÑOL•• PUERTOS:1 x Combo Audio Jack, 1 x HDMI 2.0b, 1 x Thunderbolt 4 soporte DisplayPort, 1x USB 3.2 Gen 2 Tipo-C soporte DisplayPort / entrega de energía / G-SYNC.2x USB 3.2 Gen 1 Tipo-A.1x puerto LAN RJ45•• EQUIPO NUEVO, CAJA SELLADA•••• GARANTIA : 12 meses •••••••••••••••••••••••••••••••••••••+ CONTENIDO DE LA CAJA- Laptop Asus TUF- Cable de alimentación y adaptador- Manual de usuario+ OBSEQUIOS POR SU COMPRA- Protector de Pantalla.- Protector de Teclado.- Protector o Skin de la Tapa.•••••••••••••••••••••••••••••••••••I M P O R T A N T E:****************Empresa Jurídica Legalmente Constituida enfocada a la Importación y Distribución Mayorista de LAPTOPS y NOTEBOOKS con mas de 10 años de Experiencia. Su compra es 100% SEGURA con NOSOTROS.****************GARANTÍA LAPTOPSHOP PERU : 12 Meses No se incluyen las deficiencias ocasionadas por negligencias, golpes o manipulaciones indebidas en el Software.****************••• TAMBIEN PUEDES - RECOGER EN :Nuestra TIENDA FÍSICA, con STOCK para Entrega Inmediata.Hacemos envios Diarios, para cualquier CIUDAD DEL PERÚ.Estamos en PLENO CENTRO de LIMA, al frente del Real Plaza del Centro Cívico y a unos pasos de la estación Central del Metropolitano.ENVIOS GRATIS A TODO EL PERUHacemos envíos GRATIS a todo el Perú a través de MERCADO ENVIOS de MercadoLibre.•••••••••••••••••••••••••••O TAMBIEN PUEDE COMPRAR CON :•> RECOJO EN TIENDA, para recoger hoy mismo su Pedido !! de manera presencial.****************HORARIOS DE TIENDA FÍSICAAbierto de Lunes a Sábadode 10:00AM a 7:30PMDOMINGOS : Previa (COORDINACIÓN)de 10:30AM a 2:00PM",Asus,natural,0.6738420128822327,negocios,0.9429916143417358
30,30,"Los equipos Dell se destacan por ofrecer soluciones reales para cada una de las necesidades. Ya sea para conectarte, entretenerte, trabajar o colaborar de manera online, podrás hacerlo de forma segura desde cualquier lugar y en cualquier momento. Pantalla con gran impacto visualSu pantalla de 14"" y 1366x768 px de resolución te brindará colores más vivos y definidos. Tus películas y series preferidas cobrarán vida, ya que ganarán calidad y definición en cada detalle. Eficiencia a tu alcanceSu procesador Intel Core i5 de 4 núcleos, está pensado para aquellas personas generadoras y consumidoras de contenidos. Con esta unidad central, la máquina llevará a cabo varios procesos de forma simultánea, desde edición de videos hasta retoques fotográficos con programas profesionales.Potente disco sólidoEl disco sólido de 256 GB hace que el equipo funcione a gran velocidad y por lo tanto te brinda mayor agilidad para operar con diversos programas.Un procesador exclusivo para los gráficosSu tarjeta gráfica Intel Iris Xe Graphics G7 80EUs convierte a este dispositivo en una gran herramienta de trabajo para cualquier profesional del diseño. Te permitirá lograr una gran performance en todos tus juegos y en otras tareas cotidianas que impliquen procesamiento gráfico.",Dell,natural,0.5878958106040955,videojuegos,0.5465275049209595
31,31,"LAPTOP LENOVO LOQ 15___ 13va Generación____INGENIERIA, ARQUITECTURA, DISEÑO 3D========= ESPECIFICACIONES =========•••» Modelo: LENOVO LOQ» Procesador: Intel Core i5-13420H, 8 Nucleos» Memoria RAM: 16GB DDR5-5200MHz» Almacenamiento: 1TB SSD M.2 2242 PCIe® 4.0x4 NVMe®» Tarjeta de video: NVIDIA® GeForce RTX™ 3050 - 6GB GDDR6» Pantalla: 15.6"" FHD (1920x1080) IPS 350nits Anti-glare, 45% NTSC, 144Hz, G-SYNC®» Sistema Operativo: Windows 11» Teclado Retroiluminado» Teclado en Ingles configurable a ESPAÑOL» CONECTIVIDAD: Wi-Fi® 6, 11ax 2x2 + Bluetooth 5.1» CAMARA: FHD 1080p with E-shutter» PUERTOS:1x USB 3.2 Gen 12x USB 3.2 Gen 21x USB-C® 3.2 Gen 2 (support data transfer, Power Delivery 140W and DisplayPort™ 1.4)1x HDMI® 2.1, up to 8K/60Hz1x Ethernet (RJ-45)1x Headphone / microphone combo jack (3.5mm)1x Power connector» BATERIA: Integrated 60Wh» ADAPTADOR: 170W Slim Tip (3-pin)Aviso legal• La duración de la batería depende del uso que se le dé al producto.",Lenovo,técnico,0.8191618323326111,personal,0.38784754276275635
32,32,"La laptop MSI Thin GF63 es una solución tanto para trabajar y estudiar como para entretenerte. Al ser portátil, el escritorio dejará de ser tu único espacio de uso para abrirte las puertas a otros ambientes ya sea en tu casa o en la oficina.Pantalla con gran impacto visualSu pantalla IPS de 15.6"" y 1920x1080 px de resolución te brindará colores más vivos y definidos. Tus películas y series preferidas cobrarán vida, ya que ganarán calidad y definición en cada detalle.Alta eficiencia a tu alcanceSu procesador Intel Core i7 de 10 núcleos, está pensado para quienes buscan la máxima exigencia en la productividad. Está destinado a personas que trabajan con programas de diseño, de edición o tienen un nivel de juego alto. Llevará a cabo varios procesos de forma simultánea, sin frenos y te brindará una experiencia excepcional.Potente disco sólidoEl disco sólido de 512 GB hace que el equipo funcione a gran velocidad y por lo tanto te brinda mayor agilidad para operar con diversos programas.Un procesador exclusivo para los gráficosSu tarjeta gráfica NVIDIA GeForce RTX 4050 convierte a este dispositivo en una gran herramienta de trabajo para cualquier profesional del diseño. Te permitirá lograr una gran performance en todos tus juegos y en otras tareas cotidianas que impliquen procesamiento gráfico.Aviso legal• La duración de la batería depende del uso que se le dé al producto.",Otro,técnico,0.5749936103820801,videojuegos,0.44581112265586853
33,33,">>>>> movilstoreperu.pe ==== Somos MercadoLiderGold, compre seguro con nosotros... Contamos con TIENDA FISICA. >>>>> ACEPTAMOS MERCADO PAGO.>>>>Sobre Nosotros:**MOVILSTORE PERUfb, ... Somos Empresa Jurídica con Ruc 20 mas de 10 años en el mercado tecnológico el cual distribuimos Laptops Nuevas y selladas... Todo producto cuenta con garantía de 12 meses... Contamos con una reputación impecable en Mercado Libre y META... Su compra es 100% SEGURA con nosotros.>>>>>>>>>>SOMOS MOVILSTORE PERU <<<<<< STOCK DISPONIBLE*****ASUS VIVOBOO 16X Edition 2023******>>>>>Nueva, Caja Sellada<<<<<<<<<<<>>REPUBLIC™ OF ASUS VIVOBOOK®*Pantalla=> de 16"" Full HD+*Procesador=> Core i9 13900H 14 Nucleos*Memoria Ram=> de 24GB DDR4*Disco Solido=> 1TB SSD PCIe NVMe M2*Tarjeta de Video=> Intel IRIS XE Graphics*Sistema => FreeDos (Se instala Windows 11 Pro, GRATIS)*Conectividad=> Bluetooth 5.2. |*Puertos=> USB 3.2 | USB 3.2 Tipo C | HDMI 2 | Wifi 6E**Teclado ESPAÑOL con tecla Ñ**Envíos a Nivel Nacional**Garantía 12 meses por ASUS PERU**Emitimos Boleta / Factura*******************************************>>>>> HORARIO DE ATENCIÓN EN TIENDA: <<<<<<**LUNES A SÁBADO de 9.30am a 7.30pm**DOMINGOS previa coordinación.*********************************************Déjanos tus consultas o dudas que estaremos muy gustosos en atenderlo.>>>>>> CONSULTAR STOCK ANTES DE COMPRAR<<<<<<",Asus,natural,0.8573768734931946,negocios,0.6687079071998596
34,34,"Con la laptop 2 en 1 Chuwi HeroBook Pro vas a disfrutar de la combinación única entre portabilidad y usabilidad. Su principal beneficio es su capacidad de transformarse en una tablet sin perder la potencia y el rendimiento de una computadora portátil. Pantalla con gran impacto visualSu pantalla LCD de 14.1"" y 1920x1080 px de resolución te brindará colores más vivos y definidos. Tus películas y series preferidas cobrarán vida, ya que ganarán calidad y definición en cada detalle.Eficiencia a tu alcanceCon su procesador Intel Celeron de 2 núcleos, lograrás el desempeño que necesitas para navegar y trabajar. Podrás usar los programas más esenciales, llevar a cabo tus tareas y organizar tu vida diaria.Potente disco sólidoEl disco sólido de 256 GB hace que el equipo funcione a gran velocidad y por lo tanto te brinda mayor agilidad para operar con diversos programas.Un procesador exclusivo para los gráficosSu tarjeta gráfica Intel UHD Graphics 600 convierte a este dispositivo en una gran herramienta de trabajo para cualquier profesional del diseño. Te permitirá lograr una gran performance en todos tus juegos y en otras tareas cotidianas que impliquen procesamiento gráfico.Aviso legal• La duración de la batería depende del uso que se le dé al producto.",Otro,técnico,0.5893299579620361,videojuegos,0.47000786662101746
35,35,"IdeaPad Flex 5 16"" 8va Gen - Arctic Grey + LAPIZ OPTICO INCLUIDOModelo: 82XY005LLM* ProcesadorProcesador AMD Ryzen 7 7730U (2,00 GHz hasta 4,50 GHz)* Sistema OperativoWindows 11 Home Single Language 64* Pantalla16"" WUXGA (1920 x 1200), IPS, Glare, táctil, 45%NTSC, 300 nits, 60Hz* Memoria16 GB LPDDR4X-4266MHz (Soldado)* Almacenamiento1 TB SSD M.2 2242 PCIe Gen4 TLC* Garantía incluida12 Meses Garantia Oficial Lenovo* Adaptador de Corriente65W Round Tip* Tarjeta GráficaIntegrated AMD Radeon Graphics* Batería3 celdas, 52.5Wh* CámaraFHD de 1080P con obturador para privacidad y micrófono de matriz doble* Lector de huellas digitalesIncluido* TecladoRetroiluminado, gris tormenta, con teclado numérico - Español* Dispositivo de PunteroLápiz Digital Lenovo Sin Batería + ClickPad* ConectividadWi-Fi 6 11AX (2x2) & Bluetooth® 5.1PUERTOS:** 1x USB 3.2 Gen 1** 1x USB 3.2 Gen 1 (Always On)** 1x USB-C® 3.2 Gen 2 (support data transfer, Power Delivery 3.0 and DisplayPort 1.4)** 1x HDMI® 1.4b** 1x Card reader** 1x Headphone / microphone combo jack (3.5mm)** 1x Power connectorVENDIDO POR:Razón social: Lenovo (Asia Pacific) Limited Sucursal del PerúRUC: 20511063184_________________________________________--> FORMAS DE PAGOMercado Pago:* Efectivo* Tarjeta de Débito y Crédito_________________________________________-->HORARIOS DE ATENCION* De Lunes a Viernes de 10:00Hs a 19:00Hs* Sábados de 9:00Hs a 13:00Hs_________________________________________-->GARANTÍA y ORIGEN* Nuestros productos son 100% nuevos, importados en caja desde fabrica.* La garantía de cada maquina se encuentra en las especificaciones del producto._________________________________________-->RAZONES PARA ELEGIRNOS* Somos TIENDA OFICIAL LENOVO.* Contamos con una AMPLIA VARIEDAD DE PRODUCTOS: Laptops, PCs de escritorio Todo en Uno, Tabletas, Accesorios.* Brindamos ATENCIÓN PERSONALIZADA ofreciéndole siempre el mejor producto a un excelente precio y con garantía oficial de la marca._________________________________________--> FORMAS DE ENVÍO* Envió a domicilio a todo el país.",Lenovo,natural,0.6159342527389526,personal,0.44037842750549316
36,36,"La laptop HP Victus 89R73LA#ABM es una solución tanto para trabajar y estudiar como para entretenerte. Al ser portátil, el escritorio dejará de ser tu único espacio de uso para abrirte las puertas a otros ambientes ya sea en tu casa o en la oficina.Pantalla con gran impacto visualSu pantalla FHD de 15.6"" y 1920x1080 px de resolución te brindará colores más vivos y definidos. Tus películas y series preferidas cobrarán vida, ya que ganarán calidad y definición en cada detalle.Eficiencia a tu alcanceSu procesador AMD Ryzen_5 de 6 núcleos, te permitirá ejecutar programas variados y procesos indispensables para desenvolverte en el día a día, ya sea en tu trabajo o en los momentos de ocio en tu hogar. Potente disco sólidoEl disco sólido de 512 GB hace que el equipo funcione a gran velocidad y por lo tanto te brinda mayor agilidad para operar con diversos programas.Un procesador exclusivo para los gráficosSu tarjeta gráfica GeForce GTX 1650 convierte a este dispositivo en una gran herramienta de trabajo para cualquier profesional del diseño. Te permitirá lograr una gran performance en todos tus juegos y en otras tareas cotidianas que impliquen procesamiento gráfico.Aviso legal• La duración de la batería depende del uso que se le dé al producto.",Hp,técnico,0.6015155911445618,videojuegos,0.48139065504074097
37,37,0,Lenovo,técnico,0.6067935824394226,personal,0.4459722340106964
38,38,0,Lenovo,técnico,0.6067935824394226,personal,0.4459722340106964
39,39,"La Laptop Lenovo Ideapad3 15alc6 R7 es una máquina potente y eficiente, equipada con un procesador AMD Ryzen 7 5700U de 8 núcleos que garantiza un rendimiento excepcional. Viene con un sistema operativo FreeDOS y una impresionante memoria RAM de 16GB DDR4 a una velocidad de 3200 MHz, lo que permite un funcionamiento suave y rápido. Su almacenamiento de 512GB SSD es más que suficiente para guardar todos tus archivos importantes. La pantalla FHD de 15.6 pulgadas ofrece una resolución de 1920x1080, proporcionando imágenes nítidas y claras. La tarjeta gráfica AMD Radeon Graphics mejora la experiencia visual. La batería de polímero de litio dura hasta 7.5 horas, lo que te permite trabajar sin interrupciones. A pesar de su potencia, la laptop es ligera, pesando solo 1.65kg, y tiene un diseño compacto con una altura de 19.9 mm, ancho de 359.2 mm y profundidad de 236.5 mm. Además, cuenta con conectividad Bluetooth y Wi-Fi, puerto HDMI, lector de tarjeta de memoria, micrófono y pad numérico. Sin embargo, no incluye teclado retroiluminado, cámara web y lector de huella digital.Aviso legal• La duración de la batería depende del uso que se le dé al producto.",Lenovo,técnico,0.663094699382782,negocios,0.34989413619041443
40,40,"La MacBook Pro es la laptop más poderosa de Apple, creada para quienes se proponen nuevos desafíos y logran cosas imposibles. Tiene una pantalla envolvente, procesadores superrápidos, gráficos de última generación, un nuevo teclado Magic Keyboard y un increíble espacio de almacenamiento.Eficiencia a tu alcanceSu procesador Apple M2 Pro de 10 núcleos, te permitirá ejecutar programas variados y procesos indispensables para desenvolverte en el día a día, ya sea en tu trabajo o en los momentos de ocio en tu hogar. Potente disco sólidoEl disco sólido de 512 GB hace que el equipo funcione a gran velocidad y por lo tanto te brinda mayor agilidad para operar con diversos programas.",Macbook,natural,0.5265081524848938,negocios,0.4285621643066406
41,41,"Laptop Lenovo Ideapad Flex 5 en color azul, modelo 82XX0078LM. Equipada con un procesador AMD Ryzen 7 7730U que va desde 2,00 GHz hasta 4,50 GHz. Viene con el sistema operativo Windows 11 Home Single Language 64.La pantalla es de 14"" WUXGA (1920 x 1200), IPS, reflectante, táctil, 45% NTSC, 300 nits, 60Hz, retroiluminación LED, marco biselado fino, vidrio.Cuenta con 16 GB de memoria LPDDR4X-4266MHz (soldado) y 512 GB de almacenamiento SSD M.2 2242 PCIe Gen4 TLC.El adaptador de corriente es de 65W Round Tip y la tarjeta gráfica es AMD Radeon integrada. La batería es de 3 celdas, 52.5Wh.La cámara es de 1080P FHD con micrófono doble y obturador para privacidad. Incluye un lápiz digital Lenovo sin batería y un lector de huellas digitales.El teclado es retroiluminado, gris tormenta - Español. El dispositivo de puntero es un ClickPad + Lápiz digital Lenovo sin batería.Además, incluye Xbox Game Pass Ultimate (3 meses).En cuanto a la conectividad, tiene Wi-Fi 6 11AX (2x2) & Bluetooth 5.1.Los puertos son:* 1x lector de tarjetas* 1x HDMI 1.4b* 1x conector combinado para auriculares/micrófono (3,5 mm)* 1x conector de alimentación* 1x USB 3.2 Generación 1* 1x USB 3.2 Gen 1 (siempre encendido)Aviso legal• La duración de la batería depende del uso que se le dé al producto.",Lenovo,técnico,0.7299833297729492,videojuegos,0.40220099687576294
42,42,"La Laptop Lenovo V14 G2 Itl 14 Hd I5-1135g7 16gb es una opción ideal para aquellos que buscan un rendimiento potente y una experiencia de usuario fluida. Con su procesador Intel Core i5 1135g7 y 16 GB de memoria RAM, podrás realizar múltiples tareas sin problemas y ejecutar aplicaciones exigentes con facilidad. Además, su disco híbrido de 500 GB SSD + 1 TB HDD te brinda un amplio espacio de almacenamiento para tus archivos y programas.La pantalla de 14"" con resolución de 1366 px x 768 px ofrece una calidad de imagen nítida y colores vibrantes, mientras que la tarjeta gráfica Intel Iris Xe Graphics UHD garantiza un rendimiento gráfico impresionante. Ya sea que estés trabajando, estudiando o disfrutando de contenido multimedia, esta laptop te brindará una experiencia visual inmersiva.Con su diseño elegante en color gris, la Laptop Lenovo V14 G2 Itl 14 Hd I5-1135g7 16gb es perfecta para aquellos que valoran el estilo y la sofisticación. Además, su batería de ion de litio te proporciona una autonomía duradera, para que puedas llevarla contigo sin preocuparte por quedarte sin energía.Esta laptop también cuenta con una amplia variedad de puertos, incluyendo Ethernet, HDMI, USB 2.0, USB 3.2 y USB-C 3.2, para que puedas conectar tus dispositivos y periféricos sin problemas. Además, su sistema operativo FreeDOS te brinda la libertad de instalar el sistema operativo de tu elección.En resumen, la Laptop Lenovo V14 G2 Itl 14 Hd I5-1135g7 16gb es una opción potente y versátil para aquellos que buscan un rendimiento excepcional, un amplio espacio de almacenamiento y una experiencia visual inmersiva. No pierdas la oportunidad de adquirir esta laptop de alta calidad y lleva tu productividad al siguiente nivel.",Lenovo,natural,0.5946229696273804,negocios,0.4684191644191742
43,43,"LAPTOP ASUS TUF Gaming F1512th Gen Intel® Core™ i7- 14 Núcleos E S P E C I F I C A C I O N E S :• PROCESADOR : Core i7-12700H, 14 Núcleos- 2,3 GHz hasta 4.70 GHz• MEMORIA RAM : 32GB DDR4-3200MHz• DISCO SSD : 1.5 TB SSD (512GB+1TB) NVMe PCIe• TARJETA VIDEO : 4GB - Nvidia GeForce RTX3050• PANTALLA : 15.6"" IPS Anti-Glare FHD (1920x1080) 144Hz• COLOR : Mecha Gray• SISTEMA OPERATIVO : Windows 11 64-Bit• TECLADO RETROLUMINADO• TECLADO Español• CONECTIVIDAD:- Wi-Fi 6(802.11ax) (Dual band) 2*2 + Bluetooth® 5.2- Integrated 720p HD Webcam- 10/100/1000 Mbps LAN• AUDIO: 2x 2W Built in Speaker with Dolby Atmos• BATERIA: 4-Cell 56WHrs Li-ion Battery+ CONTENIDO DE LA CAJA- Laptop- Cargador- Folletos+ ELEMENTOS ADICIONALES- Protector de Pantalla- Protector de Teclado- Skin TransparenteEsta Laptop está diseñada para:Arquitecto, Ingeniero, Productor, Gamer, Diseñador Gráfico, Fotógrafo, y/o trabajas con programas exigentes como edición de videos, Renders, Diseño 3D, Cinematografía, Stream.Aviso legal• La duración de la batería depende del uso que se le dé al producto.",Asus,técnico,0.7609548568725586,videojuegos,0.5802586078643799
44,44,0,Macbook,técnico,0.6067935824394226,personal,0.4459722340106964
45,45,0,Thinkpad,técnico,0.6067935824394226,personal,0.4459722340106964
46,46,"La laptop Lenovo IdeaPad 82H801ENUS fue pensada para hacer tu vida más sencilla. Su diseño elegante e innovador y su comodidad para transportarla, la convertirá en tu PC favorita. Cualquier tarea que te propongas, ya sea en casa o en la oficina, la harás con facilidad gracias a su poderoso rendimiento.Pantalla con gran impacto visualSu pantalla TN de 15.6"" y 1920x1080 px de resolución te brindará colores más vivos y definidos. Tus películas y series preferidas cobrarán vida, ya que ganarán calidad y definición en cada detalle.Eficiencia a tu alcanceSu procesador Intel Core i5 de 4 núcleos, está pensado para aquellas personas generadoras y consumidoras de contenidos. Con esta unidad central, la máquina llevará a cabo varios procesos de forma simultánea, desde edición de videos hasta retoques fotográficos con programas profesionales.Potente disco sólidoEl disco sólido de 256 GB hace que el equipo funcione a gran velocidad y por lo tanto te brinda mayor agilidad para operar con diversos programas.Un procesador exclusivo para los gráficosSu tarjeta gráfica Intel Iris Xe Graphics convierte a este dispositivo en una gran herramienta de trabajo para cualquier profesional del diseño. Te permitirá lograr una gran performance en todos tus juegos y en otras tareas cotidianas que impliquen procesamiento gráfico.",Lenovo,natural,0.614662766456604,videojuegos,0.5730988383293152
47,47,0,Lenovo,técnico,0.6067935824394226,personal,0.4459722340106964
48,48,"CASESWORLD PERU SACENTREGA EN 15 DIAS!!Por favor leer detenidamente el anuncio.Cases World Peru S.A.C.Empresa líder en el rubro tecnologico, trabajamos con las mejores marcas (Apple, Samsung, Bose y Mas!).Mercado Líder Gold por más de 3 años y con 100% calificación positiva.Estamos en:Miraflores: C.C. Compupalace.La Victoria: C.C. Polvos AzulesSurco: C.C. Polvos RosadosTodos los equipos son 100% nuevos y sellados con garantía de 12 meses Apple.¡IMPORTANTE!Los precios de oferta (con descuento) no incluyen IGV.--Nuestros Productos por CASES WORLD STORE--https://eshops.mercadolibre.com.pe/CASESWORLD.STOREImportado por CasesWorldStore Peru Sac:::::::::::::::::::::::::::::::::::::::::::::::::::::::::::::::::::::::::::::::::::::::::::::::::::::::::::::::::::::::::::::::::::::::::--DESCRIPCION--IMPRESIONANTEMENTE GRANDE, IMPOSIBLEMENTE DELGADA: la MacBook Air de 15 pulgadas deja espacio para más de lo que amas con una espaciosa pantalla Liquid Retina. La carcasa duradera de aluminio 100 % reciclado es sorprendentemente delgada y liviana.SUPERCARGADO POR M2: haga más cosas más rápido con una potente CPU de 8 núcleos, una GPU de 10 núcleos y hasta 24 GB de memoria unificada.HASTA 18 HORAS DE DURACIÓN DE LA BATERÍA: pase todo el día con el rendimiento de eficiencia energética del chip Apple M2. (La duración de la batería varía según el uso y la configuración. Visita apple.com/batteries para obtener más información).PANTALLA ESPACIOSA Y HERMOSA: la pantalla Liquid Retina de alta resolución de 15,3 pulgadas cuenta con 500 nits de brillo, color amplio P3 y admite mil millones de colores para imágenes vibrantes y detalles increíbles. (La pantalla del MacBook Air de 15 pulgadas tiene esquinas redondeadas en la parte superior. Cuando se mide como una forma rectangular estándar, la pantalla mide 15,3 pulgadas en diagonal; el área visible real es menor).DISEÑO SILENCIOSO: MacBook Air cuenta con un diseño sin ventilador que funciona completamente en silencio, sin importar la tarea.SIMPLEMENTE COMPATIBLE: con miles de aplicaciones optimizadas para el silicio de Apple, todos sus favoritos son ultrarrápidos en macOS, incluidos Microsoft Excel y PowerPoint, Adobe Creative Cloud y Google Workspace. Y las actualizaciones de software gratuitas hacen que todo funcione sin problemas y de forma segura. (Las aplicaciones están disponibles en App Store. La disponibilidad de títulos está sujeta a cambios).:::::::::::::::::::::::::::::::::::::::::::::::::::::::::::::::::::::::::::::::::::::::::::::::::::::::::::::::::::::::::::::::::::::::::-¿Cuales son las formas de envio?*Llego Mercado Envíos Flex: Recibe tu producto el mismo día de tu compra (Lima Metropolitana).*Retiro de producto en tienda: Escoge la opción de retiro de producto en domicilio del vendedor.*Envíos a provincia totalmente GRATIS!: El envío se realiza por el Courier oficial de Mercado libre envíos.- ¿Cuáles son las formas de pago disponibles?+Los pagos se realizan a través de MercadoPago, con tarjeta de débito, crédito o en efectivo- ¿Puedo pagar con depósito o transferencia bancaria?+No, sólo aceptamos los medios de pago habilitados en MercadoPago.:::::::::::::::::::::::::::::::::::::::::::::::::::::::::::::::::::::::::::::::::::::::::::::::::::::::::::::::::::::::::::::::::::::::::-Nuestros Productos por CASES WORLD STOREhttps://eshops.mercadolibre.com.pe/CASESWORLD.STORE",Macbook,natural,0.5011325478553772,negocios,0.3546428978443146
49,49,"SOMOS EMPRESA CORPORACION INTERNATIONAL QFCALIDAD-GARANTÍA-CONFIANZA-SEGURIDAD-ATENCIÓN A NIVEL NACIONAL.LAPTOP NUEVA LENOVO V15 G3 IAP CORE I5 12VA GEN 24GB RAM 512GB SSD +2 TB HDDFORMATO NOTEBOOKDESCRIPCION MARCA LENOVOMODELO V15 G3 IAPPART NUMBER 82TT00CXLMCOLOR IRON GREY (GRIS)PANTALLA 15.6 PULG FHD TN WIDE RESOLUCION MAXIMA 1920 x 1080 ANTI-GLARECPU INTEL CORE i5 1235U 1.30 / 4.40 GHZ CACHE L3 12 MBCHIPSET SoC INTEGRADO INTELMEMORIA CAPACIDAD 24GBTIPO DDR4BUS 3200 MHZTIPO DE RANURA SO-DIMMNUMERO DE RANURAS 1ALMACENAMIENTO: DISCO SOLIDO SSD 512GB + 2TB HDDTIPO SSD M.2INTERFAZ 2242 PCIe 4.0x4 NVMe +COMENTARIOS VIDEO INDEPENDIENTE NOMARCA INTELCHIPSET INTEL IRIS XE GRAPHICSSALIDAS HDMICONECTIVIDAD LAN VELOCIDAD 1000 MB/SWIRELESS 802.11AX 2x2Wi-Fi 6BLUETOOTH 5.1SONIDO CHIPSET AUDIO HD / REALTEK ALC3287 CODECPARLANTE STEREO SPEAKERS, 1.5W X2, DOLBY AUDIOPUERTOS COMBO AUDIO/MIC SIINCORPORA WEBCAM SITOUCHPAD SIPUERTOS USB 2.0 1USB 3.2 TIPO-A GEN 1 1RJ45 1ALIMENTACION SI1 x USB 3.2 GEN 1 TIPO-C (SOPORTA TRANSFERENCIA DE DATOS, POWER DELIVERY 3.0 & DISPLAYPORT)1 x HEADPHONE / MICROPHONE COMBO JACK (3.5mm)BATERIA TIPO BATERIA INTEGRADACAPACIDAD 38 WHIDIOMA DE TECLADO ESPAÑOLDIMENSIONES LARGO 23.60 CMANCHO 35.90 CMALTO 1.99 CMPESO 1.7 KGSISTEMA OPERATIVO WINDOWS 11 PROADAPTADOR DE PODER 65W ROUND TIP (3-PIN)CAMARA WEB HD 720p CON OBTURADOR DE PRIVACIDAD + MICROFONO 2x, ARRAYKENSINGTON NANO SECURITY SLOTTECLADO NON-BACKLIT EN ESPAÑOL(LA)Mouse y MaletinGARANTIA 1 AÑOhttps://eshops.mercadolibre.com.pe/deltapc2010""UNICO PROVEEDOR DEL PROYECTO PISA 2015/2016/ 2017/2022 A NIVEL NACIONAL""UNICA EMPRESA CON GARANTÍA EFECTIVA A NIVEL NACIONAL!!",Lenovo,técnico,0.6218449473381042,personal,0.46981537342071533
50,50,"Somos LAPTOPSHOP PERUSomos MERCADO LIDER GOLD - TIENDA OFICIAL- EMITIMOS FACTURA O BOLETA.ATENCION !!PARA UNA COMPRA EXITOSA POR FAVOR :________________________CONSULTAR STOCK ANTES DE DARLE EN COMPRAR !!!________________________Te presentamos:  LAPTOP ASUS TUF GAMING F15___ 12ava Generación  INGENIERIA, ARQUITECTURA, DISEÑO 3D========= ESPECIFICACIONES =========•••» Modelo: ASUS TUF FX507ZI» Procesador: Intel Core i7-12700H, 14 Núcleos» Memoria RAM: 32GB DDR4 3200MHz» Almacenamiento: 2TB NVMe SSD (Expandible)» Tarjeta de video: NVIDIA® GeForce RTX™ 4070 - 8GB GDDR6» Pantalla: 15.6"" IPS FHD, sRGB:100, 144Hz » Sistema Operativo: Windows 11 Original» Teclado Retroiluminado 1-Zone RGB» Teclado Ingles configurable a ESPAÑOL» CONECTIVIDAD: Wi-Fi 6(802.11ax) (Dual band) 2*2 + Bluetooth® 5.2» PUERTOS:1x 3.5mm Combo Audio Jack1x HDMI 2.1 FRL2x USB 3.2 Gen 1 Type-A1x USB 3.2 Gen 2 Type-C support DisplayPort™ / power delivery / G-SYNC1x RJ45 LAN port1x Thunderbolt™ 4 support DisplayPort™» BATERIA: 90WHrs, 4S1P, 4-cell Li-ion________OBSEQUIOS POR SU COMPRA!- Funda para Laptop.- Protector de pantalla.- Protector de Teclado.- Skin transparente (tapa)- GARANTÍA - 12 Meses de Garantía.- Equipos 100% Nuevos.- Caja sellada.- FACTURA o BOLETA Electrónica- Empresa Jurídica con Tienda FisicaENVIOS A TODO EL PERU- Envíos Gratis a todo el Perú a través de MERCADOENVIOS de MercadoLibre.- Recoge hoy mismo en Nuestra TIENDA FÍSICA.- Estamos en Pleno Centro de Lima, Frente al Real Plaza del Centro Cívico.HORARIOS DE TIENDA FÍSICA Abierto de Lunes a Sábado.- De 10:00AM a 7:30PM- DOMINGOS : Previa (COORDINACIÓN) De 10:30AM a 2:00PM________________________Gracias por visitarnos!!Somos LAPTOPSHOP PERU.Garantía del vendedor: 12 meses",Asus,natural,0.6274461150169373,negocios,0.804129958152771
51,51,"La laptop HP 15-dy5000la es una solución tanto para trabajar y estudiar como para entretenerte. Al ser portátil, el escritorio dejará de ser tu único espacio de uso para abrirte las puertas a otros ambientes ya sea en tu casa o en la oficina.Pantalla con gran impacto visualSu pantalla FHD de 15.6"" y 1920x1080 px de resolución te brindará colores más vivos y definidos. Tus películas y series preferidas cobrarán vida, ya que ganarán calidad y definición en cada detalle.Eficiencia a tu alcanceSu procesador Intel Core i5 de 10 núcleos, está pensado para aquellas personas generadoras y consumidoras de contenidos. Con esta unidad central, la máquina llevará a cabo varios procesos de forma simultánea, desde edición de videos hasta retoques fotográficos con programas profesionales.Potente disco sólidoEl disco sólido de 512 GB hace que el equipo funcione a gran velocidad y por lo tanto te brinda mayor agilidad para operar con diversos programas.Un procesador exclusivo para los gráficosSu tarjeta gráfica Intel Iris Xe Graphics G7 80EUs convierte a este dispositivo en una gran herramienta de trabajo para cualquier profesional del diseño. Te permitirá lograr una gran performance en todos tus juegos y en otras tareas cotidianas que impliquen procesamiento gráfico.",Hp,natural,0.5820826292037964,videojuegos,0.589211642742157
52,52,"La Laptop Lenovo V15 G3 15.6 Fhd es la elección perfecta para aquellos que buscan potencia y rendimiento en un diseño elegante y moderno. Con su procesador Intel Core i5 de 10 núcleos, esta laptop te brinda la velocidad y eficiencia que necesitas para realizar tus tareas diarias sin problemas. Su pantalla de 15.6 pulgadas con resolución Full HD te ofrece una experiencia visual inmersiva y detallada, ideal para trabajar, estudiar o disfrutar de tus contenidos favoritos. Además, su disco SSD de 256GB te permite almacenar y acceder rápidamente a todos tus archivos y programas. Con su batería de ion de litio, podrás disfrutar de hasta 8 horas de uso continuo sin preocuparte por quedarte sin energía. La Laptop Lenovo V15 G3 15.6 Fhd también cuenta con una tarjeta gráfica UHD Intel Core que te brinda gráficos nítidos y vibrantes, perfectos para juegos y edición de video. Con su teclado en español y su pad numérico, podrás trabajar de manera cómoda y eficiente. Además, cuenta con puertos USB, HDMI y ethernet para una conectividad completa. No pierdas la oportunidad de adquirir esta laptop Lenovo de alta calidad y rendimiento. ¡Hazte con la tuya ahora mismo!",Lenovo,natural,0.6929641962051392,videojuegos,0.4019773602485657
53,53,0,Lenovo,técnico,0.6067935824394226,personal,0.4459722340106964
